user_id,token,datetime
0,abc123,2023-02-24 00:49:24
1,ykn803,2023-02-24 00:49:24
2,mbf626,2023-02-24 09:07:33
3,eox853,2023-02-24 23:58:54
4,ccd451,2023-02-25 00:21:07
5,hoc576,2023-02-25 00:23:24
6,grz680,2023-02-25 00:25:47
7,grz844,2023-02-25 00:45:01
8,rmn595,2023-02-25 00:46:31
9,smb091,2023-02-25 00:51:22
10,syr368,2023-02-25 00:51:48
11,enh510,2023-02-25 01:20:40
12,gxb795,2023-02-25 01:20:52
13,hox069,2023-02-25 01:21:12
14,qxf914,2023-02-25 01:36:46
15,rtz408,2023-02-25 01:36:47
16,bfe188,2023-02-25 01:36:48
17,sqt552,2023-02-25 08:41:59
